{"type": "metrics", "dataset": "train", "precision": 0.9948163173315303, "balanced_accuracy": 0.9665792637603782, "recall": 0.9345754816853694, "f1_score": 0.9637554585152839}
{"type": "metrics", "dataset": "test", "precision": 0.6510256410256411, "balanced_accuracy": 0.673620056323697, "recall": 0.4063974829575249, "f1_score": 0.4983260590500643}
{"type": "cm_matrix", "dataset": "train", "true_0": {"predicted_0": 16209, "predicted_1": 23}, "true_1": {"predicted_0": 309, "predicted_1": 4414}}
{"type": "cm_matrix", "dataset": "test", "true_0": {"predicted_0": 6648, "predicted_1": 434}, "true_1": {"predicted_0": 1132, "predicted_1": 775}}
